State,Country
Kentucky,United States
California,United States
Florida,United States
North Carolina,United States
Washington,United States
Texas,United States
Wisconsin,United States
Utah,United States
Nebraska,United States
Pennsylvania,United States
Illinois,United States
Minnesota,United States
Michigan,United States
Delaware,United States
Indiana,United States
New York,United States
Arizona,United States
Virginia,United States
Tennessee,United States
Alabama,United States
South Carolina,United States
Oregon,United States
Colorado,United States
Iowa,United States
Ohio,United States
Missouri,United States
Oklahoma,United States
New Mexico,United States
Louisiana,United States
Connecticut,United States
New Jersey,United States
Massachusetts,United States
Georgia,United States
Nevada,United States
Rhode Island,United States
Mississippi,United States
Arkansas,United States
Montana,United States
New Hampshire,United States
Maryland,United States
District of Columbia,United States
Kansas,United States
Vermont,United States
Maine,United States
South Dakota,United States
Idaho,United States
North Dakota,United States
Wyoming,United States
West Virginia,United States
